時間戳記,品名,食材,步驟,圖片
2024/12/26 11:07,菜脯烘蛋,"雞蛋 5顆
蘿蔔乾 150克
青蔥 1根
油 1/2大匙","1.切菜脯剪1.2-1.5公分左右塊狀，用水洗過換3次水，用手掌擰乾淡化菜脯鹹味。
2.青蔥洗淨瀝乾剪末。
3.蛋洗過打在碗裡。
4.蛋加2小匙油打散。
5.鍋不用放油，菜脯小火乾鍋炒5分鐘，把炒香的菜脯碎放涼，加進蔥花蛋汁，攪拌均勻。
6.鍋小火加1/2大匙油，把步驟5菜脯蔥花蛋汁倒進鍋中，用木筷子在鍋中蛋汁裡開始劃圈圈。
7.計時器3分鐘，蓋鍋烘助熟
8.翻面煎1.5分鐘，即可完成",https://drive.google.com/open?id=1yhYQVF1GZ5pIMzvmiqi4Q_TdKP5_YhmV
2024/12/26 11:42,蒜香九層塔蝦,"蝦子1斤
九層塔1把
蔥薑蒜適量,
醬油1大匙,
米酒1大匙","1.蝦洗淨 
2.爆香蔥薑蒜
 3.放蝦入鍋炒至變色 
4.淋醬油米酒後拌入九層塔",https://drive.google.com/open?id=1US8SSAK7iKjC4I53frIbeKbX9hpFXn3K
2024/12/26 13:07,紅燒肉,"五花肉600g,
蔥薑蒜,
醬油2大匙,
冰糖1大匙,
米酒2大匙,
八角1顆","1.五花肉汆燙 
2.爆香蔥薑蒜 
3.加醬料燜煮 
4.收汁即可",https://drive.google.com/open?id=1zFuI7peS19GtGIAyohNEZZ4yxjdbuahR
2024/12/26 13:14,宮保雞丁,"雞胸肉300g,
花生50g,
乾辣椒2根,
蔥薑蒜,
醬油1大匙,
糖1小匙,
醋1大匙","1.把雞胸肉先切成3cm*3cm 的塊狀，仔細看雞肉的紋理，垂直紋理""逆紋""輕輕把表面畫刀可幫助雞胸肉吃起來軟嫩
2.雞肉裡加入醬油、水。水可以分次加，邊加邊順時鐘攪拌雞肉讓雞肉吸收水分，最後再加太白粉醃15分鐘
3.爆香辣椒薑蒜 
4.下雞丁炒 
5.加醬油、糖、醋與花生拌炒",https://drive.google.com/open?id=1JBgX5KfUlYCwk7iOssRKrY7ooqaFKhTR
2024/12/26 13:18,三杯雞,"雞腿肉500g,
薑片10片,
蒜頭5粒,
九層塔1把,
米酒1/3杯,
醬油1/3杯,
麻油1/3杯","1.爆香薑蒜 
2.下雞肉炒至金黃 
3.加米酒醬油麻油燜煮 
4.拌入九層塔",https://drive.google.com/open?id=1Rs9BlPUW5gShnuj4Q8RwmdvS3DK_yeKv
2024/12/26 13:21,蠔油芥藍,"芥藍300g
蒜末2瓣
蠔油1大匙
糖少許
鹽少許","1.芥藍洗淨汆燙
2.爆香蒜末
3.加蠔油調味
4.放入芥藍拌炒",https://drive.google.com/open?id=1_UNUhoYEwtjpRGZGxVSMY5uyCIcDA6gS
2024/12/26 13:26,白菜滷,"五花肉100克
乾香菇4朵
干貝5顆
木耳50克
扁魚20克
蝦米20克
紅蘿蔔100克
大白菜200克
醬油2大匙
米酒2大匙
砂糖1大匙
胡椒粉1匙
烏醋1大匙
水2碗","1.香菇，干貝泡水軟化切絲，五花肉切片
2.用少許油煸炒豬五花，煸出豬油，再放入香菇、干貝、蝦米、扁魚、紅蘿蔔炒香
3.再加調味料，大火炒出鍋氣，再放入白菜、倒入香菇水和水，煨煮出鮮味
4.起鍋前淋點烏醋即可",https://drive.google.com/open?id=1sBGSnW47luvNl3m0qTJJSEZ-40_ZflTW
2024/12/26 13:29,清蒸鱈魚,"鱈魚 1 片
青蔥 1 根
蒜頭 3 粒
薑 適量
米酒 1 大匙
醬油 1 大匙
鹽 適量","1.鱈魚洗淨擦乾，抹鹽至表皮，靜置10分鐘。
2.蒜頭去皮、薑切片、蔥白切段、蔥綠切花或絲。（有辣椒也可切辣椒絲）
3.鱈魚醃漬後會出水，先以紙巾擦乾，放上蔥白段、蒜頭和薑片，加入米酒與醬油各一大匙，放入電鍋，外鍋放一杯水蒸。
4電鍋跳起後把蔥白段撈起，下蔥花，蓋鍋蓋再按下煮飯鍵。電鍋再度跳起後，即可
",https://drive.google.com/open?id=1jz_mEe1YZ75cxDR0TKx6MFmPloFv9nTe
2024/12/26 13:41,豆豉鯧魚,"300 公克 鯧魚
少許 蔥 
3 片 薑
2 大匙 豆豉
1 小匙 米酒
3 大匙 醬油
少許 鹽
少許 糖","1.魚稍微以清水洗淨擦乾、在魚身斜劃幾刀，適量灑上鹽，靜置5分鐘。
2.將蔥(取蔥白)、薑切絲備用
3.將油倒進鍋裡，中火預熱，先將薑絲爆香，再放入蔥絲一併拌炒，最後將豆豉倒入，添加少許的糖調味撈起
4.將炒好的配料平鋪在海金鯧上，再倒入米酒及醬油，放入電鍋蒸20-25分鐘。",https://drive.google.com/open?id=1sQ4_bD7k7Zi7Ch6YoqaUTyjj6XABvDvX
2024/12/26 14:35,青椒炒牛肉,"牛肉片 200 g
青椒 1 顆
蔥 1 根
蒜頭 2 瓣
鹽 適量
醬油 適量
料酒 適量
太白粉 少許
水 少許
調理油 適量","1.牛肉片加入醬油，料酒，太白粉，水抓勻。青椒去籽切條狀，蔥切段，蒜頭切末。 
2.起油鍋，中火加入稍多油量，鍋熱倒入牛肉片炒散到八分熟取出。
3.原鍋加油熱鍋，爆香蒜末，蔥白段，下青椒，料酒嗆鍋，灑鹽拌炒再加入牛肉片，蔥綠段，水少許炒至青椒斷生，牛肉片熟即可取出",https://drive.google.com/open?id=1wjoTHTxFL0w8moBtxxEwqIZcg5yQ6LLt
2024/12/26 14:39,韭菜炒鴨血,"鴨血一塊
韭菜一把
蒜頭3顆
辣椒
鹽巴少許
醬油一匙
白糖少許
雞粉少許
米酒一匙
白醋適量(起鍋前在加入)","1.先將鴨血下鍋煮三分鐘，撈起浮沫，時間到就撈起瀝乾水分。
2.接著熱油，爆香辣椒、蒜末、倒入鴨血翻炒、接著加入調味料米酒、醬油、白糖、鹽巴、雞粉、白醋，最後加入韭菜炒軟即可起鍋",https://drive.google.com/open?id=1qLA_JeBX64Emc-H09aLbYQ9qXHaC4Ljw
2024/12/26 14:43,酸辣湯,"竹筍 切絲 1支
梅花肉 切絲 100g
胡蘿蔔 切絲 1／3 條
木耳切絲 3朵
鮮香菇 切片 5朵
豆腐 切條 1
豬血 切條 1塊
雞蛋 3顆
辣椒 切片 1條
芹菜 切末 1棵
香菜 切段 2棵
香油 適量
水 適量
胡椒粉 適量
烏醋 2 大瓢
白醋 1 大瓢
太白粉 1／2 碗","1.竹筍去殼，削去老皮切絲備用，梅花肉洗淨，水拭乾切絲備用，胡蘿蔔去皮切絲備用，木耳洗淨切絲備用，香菇洗淨切片備用，豆腐用水沖洗後切條，再用清水清洗一下，洗去豆腐末，洗淨備用，豬血用水沖洗後切條，再用清水清洗一下，洗去豬血浮末，洗淨備用，芹菜切去蒂頭，摘去葉子，剝開洗淨切末備用，香菜切去蒂頭剝開洗淨，切段備用，雞蛋打成蛋液備用。
2.鍋中加入適量的水，加入筍絲滾煮，先煮20分鐘，加入木耳胡蘿蔔拌勻煨煮，再加入香菇、辣椒拌勻，加入胡椒粉、烏醋、醬油、鹽、糖拌勻，加入太白粉水拌勻，加入肉絲和適量香油拌勻，沖入蛋花，3秒劃開，加入白醋拌勻，先加入一半芹菜末拌勻，熄火盛起，再加入另外1／2 的芹菜末和香菜段",https://drive.google.com/open?id=19yppkCTkC_i7KeXKTj5ozAe7QNtBzIKK
2024/12/26 14:47,蔥爆羊肉,"羊肉片5兩
洋蔥半顆
蔥半支
辣椒兩條
蒜末少許
醬油1茶匙
蠔油1茶匙
糖1茶匙
米酒1茶匙","1.羊肉片淋上以 醬油、蠔油、糖、米酒調勻的醃料醬汁，抓勻後醃放5～10分鐘，讓羊肉片入味。
2.把蔥、洋蔥、辣椒全部切小段，一旁備用。
3.熱油鍋，先將蒜末爆香，再陸續放入蔥段、辣椒、洋蔥拌炒。
4.接著放入醃好的羊肉片，拌炒約2分鐘，即完成",https://drive.google.com/open?id=1YT_uW1iy6-Rp__WJFeqpSfzABdUBoWhO
2024/12/26 14:50,薑絲大腸,"大腸一份
酸菜適量
嫩薑一塊
辣椒一根
米酒
水30cc
工研醋90cc
糖適量
鮮味抄手適量
蔥一根
薑半塊","1.洗淨生大腸，將蔥薑米酒加入大腸水滾水煮40~50分鐘
2.嫩薑切絲、辣椒切成小段
3.下油將一半以上的嫩薑和辣椒蒜頭炒出香味後，倒入酸菜繼續炒
4.將滾煮後的大腸加入，並倒入剩餘嫩薑絲
5.倒入米酒30cc炒出香味，加90cc入工研醋炒一炒後再加入30cc水拌炒，加入一勺糖和鮮味抄手調味，火調到中火炒2分鐘即可",https://drive.google.com/open?id=1XNUq9YOqKW8rSScOl5pmuroB_r8LNhMF
2024/12/26 15:00,客家小炒,"五花肉 100克
魷魚干 50克
豆干 70克
芹菜 1根
蒜苗 1根
辣椒 1條
蒜頭 15克
蠔油 2茶匙
醬油 1.5茶匙
米酒 1大匙
白胡椒粉 1/8茶匙","1.將乾魷魚泡水至軟，剪成條狀；五花肉切條；豆干切片；芹菜切段；蒜苗切斜片；辣椒切斜片；蒜頭拍扁去膜切片備用。
2.鍋內倒入1茶匙的油，放入五花肉、豆干炒至二面略上色，再加入蒜片、辣椒爆香後放入魷魚。
3.加入蠔油、醬油及米酒拌炒至入味。
4.起鍋前加入蒜苗、芹菜拌炒，並撒上白胡椒粉拌勻即可。",https://drive.google.com/open?id=1zniWp0aBOyPX6THmD--kUb5OMhFsGiX0
2024/12/26 15:04,香菇油飯,"長糯米2杯
香菇10朵
蝦米2湯匙
油蔥6顆
薑絲1湯匙
豬肉絲80g
黑麻油1湯匙
醬油2湯匙
糖1/2湯匙
米酒1湯匙
鹽1茶匙
香菇水1湯匙","1.長糯米泡水5個小時、香菇泡水、蝦米泡米酒、油蔥切細、薑切絲，糯米煮熟
2.肉絲醃醬油膏1/2湯匙、酒1茶匙、白胡椒粉1/2茶匙拌勻備用
3.先下3湯匙油中火炒油蔥至金黃色撈起，剩下的油下肉絲炒熟撈起備用。
4.下1湯匙黑麻油下薑絲、蝦米炒至蝦米上色，下香菇炒至香味飄出，再下炒好的肉拌炒
5.下調味料醬油2湯匙、米酒1湯匙、糖1/2湯匙、鹽1茶匙、黑胡椒粉1茶匙、泡香菇水1湯匙炒勻。再下1/2炸好的油蔥酥拌勻
6.倒入蒸好的糯米飯拌炒，炒至顏色均勻即可",https://drive.google.com/open?id=1wjy61Zr4iDyKa7Rgc_hTWS6GJh8GXX_5
2024/12/26 15:06,回鍋肉,"水煮五花肉
長蒜 1 支
洋蔥 半顆
杏鮑菇 2 條
豆瓣醬2匙
醬油1匙
糖1匙","1.水煮過的五花肉先煎焦黃放一旁.菇和蒜洋蔥切長條
2.煎肉出的油直接炒洋蔥.再放菇.半軟時放五花肉和調味料.拌勻炒至菇熟肉上色再放長蒜.從鍋邊加ㄧ匙米酒.蒜稍軟就完成",https://drive.google.com/open?id=12gqK4PK8v5jWHZNkNU3HlOkH_j41zPtv
2024/12/26 15:13,炒米粉,"米粉200g
五花肉600g
蝦米1大匙
乾香菇6朵
紅蘿蔔1小塊
高麗菜1/6顆
青蔥3支
香菜適量
醬油3大匙
米酒1大匙
白胡椒粉適量","1.蝦米、乾香菇分別泡水，香菇水不要丟，留著備用
2.燒一鍋滾水，米粉下鍋煮1~2分鐘，撈起瀝乾，用剪刀剪個兩三刀就好，不要剪太短，加蓋悶米粉約15~20分
3.把紅蘿蔔、高麗菜、香菇、五花肉切成細絲，蔥切段、蔥白蔥綠分開放
4.鍋子燒熱，五花肉下鍋炒。大火高溫逼出豬油後，炒熟的五花肉絲會縮水變細
5.放入蔥白、香菇、蝦米爆香，放入紅蘿蔔絲一起拌炒
6.加適量醬油調味，再加一大匙米酒、白胡椒粉增加香氣。倒入香菇水，翻炒讓醬汁混和均勻，放入高麗菜絲、蔥綠
7.放入米粉，炒到米粉均勻上色、醬汁收乾即可",https://drive.google.com/open?id=1ZpOxjHgupeL61Y68M4ByBDVAR0vlvLPh
2024/12/26 15:23,蚵仔煎,"鮮蚵 150克
小白菜 2顆
雞蛋 2顆
地瓜粉 55克
在來米粉 25克
太白粉 25克
水 370c.c.
鹽 少許
白胡椒粉 少許
香油 少許
日本白味噌 60克
番茄醬 130克
砂糖 3大匙","1.鮮蚵洗淨濾乾水份，用餐巾紙將鮮蚵吸乾水分，加少許鹽調味備用。小白菜洗淨去蒂頭，切成小段狀。把地瓜粉、在來米粉、太白粉、水 250c.c.、鹽、白胡椒粉、香油用打蛋器攪拌均勻備用
2.取一支平底鍋加入少許沙拉油，先放鮮蚵用大火煎炒約10秒（5分熟狀態），再倒入粉漿。
3.接著打入一顆雞蛋，均勻放上小白菜，周圍再淋一圈油，以中小火半煎炸的方式將雙面上色熟成即可起鍋。
4.先將水120c.c.加熱並以濾網將味噌過濾攪拌開來，接著倒入番茄醬和砂糖，攪拌均勻加熱煮開，再以太白粉水勾薄芡",https://drive.google.com/open?id=1WRf1_k0AVNITOGmj8wqYmkCeDc2nO-t5
2024/12/26 15:25,鹹蛋苦瓜,"苦瓜1顆
鹹蛋2顆
蒜頭2顆
辣椒1根
青蔥1根
薑片3片
鹽少許
糖3g
米酒10ml
香油適量
植物油適量","1. 苦瓜對切去籽刮囊，斜切片備用。
2. 將鹹蛋蛋白與蛋黃分開，蒜頭切碎，青蔥切段，辣椒切花備用。
3. 準備汆燙水，汆燙苦瓜30秒後，即可撈起備用。
4. 鍋中加油，用中小火慢炒鹹蛋黃至小起泡。
5. 續加進蒜、辣椒、米酒、苦瓜、鹹蛋白炒至香氣出來。
6. 最後加入糖、蔥、香油，拌炒一下即可完成。",https://drive.google.com/open?id=1x7apEXaFg9_h-ItWXVLUr_iv7m0Bg3-C
2024/12/26 15:32,花生豬腳,"豬腳1隻
生花生1斤
生薑10片
香菜2棵
水5000cc
當歸1片
甘草6片
桂枝10公克
白胡椒粒10公克
台鹽高級碘鹽適量
紅露酒200cc","1.豬腳洗淨備用，生薑洗淨/切片、生花生洗淨泡水24小時，藥材洗淨泡水10分鐘瀝乾，用布包包好綁緊。
2.豬腳川燙
3.快鍋放入薑片、滷包、紅露酒，水5000cc，豬腳、生花生，煮20~30分鐘。",https://drive.google.com/open?id=1ErVKWQ7u6tdqy_HnLxwDq8wfq9sEc9cQ
2024/12/26 15:35,椒鹽小卷,"小卷200g
蒜頭5顆
青蔥2株
辣椒2小條
鹽巴1小匙
白胡椒粉1小匙
鮮雞精1/2小匙","1.小卷洗淨瀝乾，蒜頭切片，辣椒切小段 青蔥切末
2.鍋內放油放入小卷爆香，表面有焦色即可撈出瀝油備用
3.熱油鍋爆香蒜頭，放入小卷及所有的調味拌炒，放入辣椒及青蔥，拌勻即可關火",https://drive.google.com/open?id=1BJ0dzvzWtqutrziNrlxRGVyghOzzLjR0
2024/12/26 15:43,蒸蛋,"雞蛋2顆
高湯(蛋*1.5倍)
蔥花適量
醬油適量
香油適量","1.雞蛋去殼後，可以用秤重或是量杯測量的方式測得份量，高湯或水的用量就是雞蛋重量的1.5倍
2.將蛋液和高湯攪拌均勻，過篩至要使用的湯碗中
3.蓋上適當大小的蓋子，中火蒸9分鐘，熄火再燜1分鐘",https://drive.google.com/open?id=1ysK4eCBjsk0HVu7BrQidYXqDuyEtvyfF
2024/12/26 15:46,腐乳空心菜,"空心菜一把
豆腐乳2塊
鹽巴少許
辣椒適量
蒜頭2顆","1.空心菜底部切除，每段切約食指的長度。辣椒及蒜頭切碎。豆腐乳加少許水攪拌均勻成腐乳醬備用
2.開大火加油，放蒜頭爆香炒至金黃，再加入辣椒炒出香氣
3.加入空心菜與爆香食材拌勻，接著淋上調好的腐乳醬翻炒至空心菜葉變軟，加入少許鹽巴拌勻即可",https://drive.google.com/open?id=1G97956razUA3TaF9WB_Wg6o3kWETs0vF
2024/12/26 15:50,五更腸旺,"水煮肥腸2大條
大蒜5個
鴨血2塊
蒜苗1支
薑1段
辣椒1根
蔥3根
花椒1大匙
辣豆瓣醬3大匙
糖1 大匙
醬油3/2大匙
水2大碗
白醋1小匙
太白粉適量","1.蒜切厚片、薑切薄片、蔥與蒜苗切段、辣椒切斜刀片、鴉血切塊。
2.大腸洗淨入水中煮熟透（筷子輕鬆插的進去）後切粗塊備用。
3.起油鍋放入辣椒、大蒜、薑炒香後加入辣豆瓣醬，炒至辣油出來、豆瓣成粗粒狀
4.再依序加入水、花椒、大腸、鴉血
5.煮5～8分鐘後加入蔥、蒜苗並勾芡後倒入預熱後的砂鍋中並淋入白醋拌勻即可",https://drive.google.com/open?id=1pllY1itoitJviJcLMNfrHIoaCXOaU5OM
2024/12/26 16:00,番茄炒蛋,"牛番茄兩顆
蛋三顆
蒜適量
糖半湯匙
水適量","1.番茄切丁、蛋打散、蒜切
2.放入油，下番茄大火炒至番茄出水
3.番茄出水後加蒜快炒再加水、加蛋幾秒拌炒即可",https://drive.google.com/open?id=15sJIu4CSl6_Egp0c2Gn4xhxmb6UDrYz7
2024/12/26 16:03,魚香茄子,"茄子4根
豬絞肉220g
蔥2枝
水450CC
薑末1匙
蒜頭4瓣
辣椒半支
辣豆瓣醬1.5匙
醬油2大匙
白醋1大匙
糖1小匙
鹽適量
油1大匙
花椒粉1小匙
太白粉水適量","1.加一大匙油先下薑末炒兩下，接著下豬絞肉，蒜末、辣椒略翻炒，加入糖、辣豆瓣醬、醬油炒3分鐘，加入水，滾一下肉末
2.再下茄子，茄皮朝下放，蓋鍋蓋悶煮5分鐘收湯汁，再下蔥末和花椒粉，最後下醋和太白粉薄芡",https://drive.google.com/open?id=1nUweAAqoajdpl1tqk9BTG2BRUmp3HbqH
2024/12/26 16:06,蒜泥白肉,"豬五花肉480克
蔥30克
薑20克
蒜頭1.5大匙
辣椒1大匙
米酒2大匙
冷開水(冰鎮用) 適量
香油1/2小匙
醬油4大匙","1.將蔥切段、薑切片、蒜頭磨泥、辣椒切末，加入香油，醬油拌勻
2.燒開一鍋水，加入米酒，放入蔥段與薑片，再放入豬五花肉，蓋上鍋蓋轉小火煮 20 分鐘，再關火悶 20 分鐘
3.取出五花肉放入冷水中冰鎮
4.切片後擺盤，配上蒜蓉醬即可食用",https://drive.google.com/open?id=1v1KD7NizBlNekmMO44xte0y2IylBQ92l
2024/12/26 16:09,四神湯,"豬腸300克
淮山50克
薏仁100克
蓮子100克
芡實100克
米酒10克
鹽巴適量
枸杞少許
水1300克","1.豬腸用鹽巴抓洗，再用清水洗淨，洗淨黏膜（可以多洗幾次）川燙再洗淨。
2.準備四神材料，淮山、薏仁、蓮子、芡實洗淨泡水3小時
3.豬腸、四神材料水蓋過食材放入電鍋中，加適量水蒸煮20分鐘，再悶20分鐘，再一次加適量水蒸煮20分鐘，放入枸杞再悶20分鐘
4.加入米酒提味、鹽巴調味即可",https://drive.google.com/open?id=17F-sKCQZ79D4OT51OKla3-LC02UyCqfo
2024/12/26 16:16,紅燒獅子頭,"豬絞肉600克
大白菜1顆
乾香菇5朵
紅蘿蔔1塊
洋蔥半顆
薑末半匙
蒜苗2支
醬油2大匙
紹興酒1大匙
薑末1/2大匙
白胡椒粉適量
雞蛋1顆
紹興酒2大匙
水","1.豬絞肉，放入薑末、醬油、紹興酒、洋蔥末、雞蛋、白胡椒粉，將肉拌勻後稍後甩打之後捏出手掌大小的肉丸
2.肉丸子以半煎炸的方式將二面煎上色即可取出備用
3.準備一鑄鐵鍋放少許油爆香薑末、蒜苗，接著放入乾香菇、紅蘿蔔片、大白菜的梗，炒出香氣之後加入醬油，紹興酒、泡香菇的水、水
4.把小片的大白菜鋪底，放上肉丸子，將大片的大白菜蓋在肉丸上，蓋上鍋蓋燉煮到開始冒煙水滾轉最小火慢燉1小時
5.起鍋前再放些蒜苗即可",https://drive.google.com/open?id=1o1zO_phEFAHxfpRdj3t7tWH-D24dbXDh
2024/12/26 16:21,粉蒸排骨,"排骨 450 克
五香蒸肉粉 1 盒
素蠔油或醬油 1 大匙
米酒 2 大匙
辣豆瓣醬 1/2 大匙","1.排骨洗淨放電鍋內鍋放醬油、米酒、辣豆瓣醬，冷藏醃一個晚上
2.醃好的排骨先夾出，沾上粉蒸肉粉
3.沾裹好粉蒸肉粉的排骨，蒸約30-35分鐘，悶10-20分鐘。",https://drive.google.com/open?id=1Y61DKpCXkOowpRhrHeH9BOvbkw8rTGyn
2024/12/26 16:26,蒜蓉蒸蝦,"白蝦250g
青蔥1根
香油1/2茶匙
蒜頭6瓣
辣椒0.5-1條
米酒1大匙
醬油1大匙
醬油膏1大匙","1.白蝦修剪蝦頭、蝦鬚、蝦腳、去腸泥
2.青蔥切蔥花；蒜頭切細末或磨泥；辣椒切末
3.取一個碗，將蒜頭、辣椒、米酒、醬油、醬油膏攪拌均勻即可
4.取一蒸盤擺入白蝦淋上蒜蓉醬，大火蒸5分鐘
5.撒上蔥花及香油，再燜約15秒即可關火",https://drive.google.com/open?id=1C8pwZTJwTnZsJ6rPqJcQaE03vgwmmauh
2024/12/26 23:01,橙香排骨,"排骨600克
柳丁汁300克
醬油50克
味醂20克
細砂糖30克","1.排骨先用熱水汆燙去除雜質
2.細砂糖放入不沾鍋中，等待成焦糖，過程中不可翻攪
3.糖變成焦糖色就可以將排骨放入煎到表面上色即可
4.將醬油及味醂放入鍋中，接著放入排骨，最後倒入柳丁汁，淹過排骨
5.滾了之後開小火煮２０分鐘，關火悶２０分鐘直到排骨肉軟爛即可",https://drive.google.com/open?id=1fC6Mj3CEqv0E3o4ps59wgz9WzjfYQ-g4
2024/12/27 08:59,蘿蔔絲煎餅,"蘿蔔半條(約1斤)
在來米粉約一碗
蒜一根
雞蛋一顆
胡椒粉適量
鹽
沙糖(可不加)
油","1.大蒜去根，洗淨切細絲
2.蘿蔔去皮，刨絲，加適量鹽抓勻，放置約10分鐘出水，水留著加入雞蛋、再來米粉分批加入，利用蘿蔔絲釋出的水攪拌均勻，最後加糖、大蒜絲、胡椒粉再拌均勻
3.開中小火取一湯匙蘿蔔絲粉漿擺入鍋中，略為整型壓平慢火煎一會讓型狀固定，翻面續煎，煎到兩面都呈現金黃色澤即可",https://drive.google.com/open?id=1VOploOZNKu5bDYa0wIeZ7gy6LCw4BonB
2024/12/27 09:10,肉羹,"竹筍1支
胡蘿蔔1／3條
乾香菇8朵
芹菜1棵
香菜2棵
後腿肉3斤
醬油1大瓢
鹽酌量
糖2茶匙
胡椒粉適量
米酒適量
沙拉油1大瓢
魚漿500g
蒜末1／3碗
蒜酥1／2 碗
雞蛋4顆
水適量
太白粉水酌量
鹽適量
鮮味炒手1小匙
糖1大匙
醬油1.5大瓢
烏醋2大瓢
香油酌量
胡椒粉適量","1.後腿肉洗淨，切小塊切薄片拍打加入適量的醬油、米酒、糖、胡椒粉、少鹽、沙拉油抓醃均勻，再加入魚漿抓勻備用。
2.煮一鍋熱水，將抓醃好的肉片，一片片攤開在熱水中，舖開不要重疊，熱水泡煮約8分鐘，再用鍋鏟攪動一下再泡煮約2分鐘，撈起水瀝乾備用。
3.竹筍切絲，先用滾水川燙，川燙後泡冷水備用，胡蘿蔔去皮切絲備用，乾香菇加水泡軟，洗淨切片備用，芹菜切去蒂頭和葉子，洗淨切末備用，香菜切去蒂頭洗淨切末備用。
4.燒鍋水加入筍絲、香菇、蒜酥滾煮15分鐘，加入胡蘿蔔絲拌勻，加入醬油、胡椒粉、鹽、糖拌勻，加入太白粉水勾芡，加入肉羹、蒜泥拌勻煨煮一下，加入蛋液，停留5秒鐘再輕輕把蛋液劃開來，最後加入烏醋、適量的香油拌勻熄火，再撒點芹菜末和香菜末拌勻即可",https://drive.google.com/open?id=1mhcX_ptO-vcNoUSC33e9qmnZDMlSswfI
2024/12/27 09:14,古早味蝦捲,"新鮮花枝漿400公克    
新鮮火燒蝦20隻
青蔥10支
芹菜2支
荸薺8顆
豬網紗2張
糖1茶匙
鹽巴1茶匙
米酒1大匙
白胡椒粉少許
香油適量
粉漿份量
雞蛋1顆
地瓜粉200公克","1.新鮮火燒蝦去殼洗淨切大塊，青蔥、芹菜切末，荸薺切丁，豬網紗以鹽水洗淨，米酒去腥。
2.混合鮮蝦、花枝漿等內餡，再加入蔥花、芹菜末、荸薺丁、調味料等一起攪拌均勻，摔打至魚漿出現彈性，過程中可分次加入香油和適量的水份。
3.豬網紗展開放在砧板上,將混和好的內餡放上網紗，包捲成約10公分的長條狀，多餘的豬網紗以菜刀割開後，繼續包下一份。
4.包好的蝦捲裹上雞蛋液、地瓜粉混合的粉漿，準備下鍋油炸。
5.油鍋開中小火至攝氏140度，將蝦捲炸約6分鐘至金黃色即可。(記得控制油溫，並隨時翻動使顏色均勻)",https://drive.google.com/open?id=16fjdXYK6xpxQGSltyRhDHN6EJkQXGYfn
2024/12/27 09:19,炒山蘇,"山蘇 一盒
蔭樹子2茶匙
小魚乾適量
蒜頭3瓣
米酒適量","1.蘇洗淨後由尖部開始往下掰折成適口大小，掰到粗梗處掰不動後再將粗梗切除，保留兩側嫩葉即可
2.煮滾水後加入鹽和食用油，再加入處理過的山蘇，待再次水滾後汆燙30秒撈起瀝乾備用。
3.小魚乾洗淨後以米酒浸泡５分鐘去除腥味，起油鍋煸香小魚乾，小魚乾變軟後加入蒜頭拌炒，炒至小魚乾及蒜頭香氣釋出。
4.加入汆燙好的山蘇葉及蔭樹子，將所有食材快速拌炒均勻即可",https://drive.google.com/open?id=1uO_e33VqXUxa20X1R6YOLGZNDpkESr5I
2024/12/27 09:32,紅糟肉,"梅花肉120g
酒5cc
醬油5cc
紅麴醬1小匙
大蒜1顆
五香粉1/4小匙
胡椒粉少許
地瓜粉適量
植物油適量","1.梅花肉稍微拍打鬆纖維,加酒,醬油,紅麴醬,蒜碎,五香粉及胡椒粉抓勻放進冰箱靜置過夜.
2輕輕得擦掉醃料,裹地瓜粉押一下靜置10分鐘左右,回潮後再裹地瓜粉.
3用160度植物油炸至兩面金黃色,起鍋前拉到高溫炸30秒鐘撈起瀝油靜置10分鐘左右.",https://drive.google.com/open?id=1VyOLbGXR4KCkRZxFL7NK44llghEwkF9V
2024/12/27 09:42,蛤蜊絲瓜,"蛤蜊500g
絲瓜1條
薑1小塊
米酒少許","1.蛤蜊吐沙後洗淨瀝乾
2.絲瓜削皮、切塊(約1~2cm厚片)，薑切成薑絲。
3.取出平底鍋，倒入少許油，放入絲瓜塊，開中火，拌炒約30秒，加少許水，蓋上鍋蓋燜煮
4.絲瓜變軟時，放入吐完沙的蛤蜊，蓋上鍋蓋燜煮
5.蛤蜊全開後，打開鍋蓋，放入薑絲，煮5秒，即可",https://drive.google.com/open?id=1pRBQMnB5D786l-n4VcD9QlkRtSsQFbbB
2024/12/27 09:50,涼拌黃瓜海蜇皮,"海蜇皮200克
小黃瓜2-3條
胡蘿蔔半條
蒜末5瓣
辣椒1條
鹽適量
細糖適量
白醋少許
香油適量
醬油少許","
1.將小黃瓜加入少許鹽拌一下，約放10分鐘，以清水將鹽份洗去備用。
2.煮一鍋水，煮滾後關火，冷卻15分鐘。將海蜇皮絲放入鍋水中燙約7秒鐘。
3.將整鍋拿到水龍頭底下沖涼約5分鐘(海蜇皮會膨漲些)，從冰箱拿出冰水，將海蜇皮泡在冰水1分鐘，把海蜇皮撈起捏去多餘的水份。
3.捏去多餘的水份。 海蜇絲置於盆中，加入黃瓜、胡蘿蔔絲、蒜末、辣椒及調味料拌勻即可。",https://drive.google.com/open?id=1i0KNsMw65vT_7dGRUJnbOpdUi8lGzBAW
2024/12/27 09:57,麻油腰花,"老薑一根
豬腰花二副
麻油2大匙
米酒半瓶","1.豬腰花洗淨，去除內部白色帶血筋膜
2.豬腰花輕輕斜劃紋路，斜切大片
3.起一鍋滾水，將切片豬腰花放入汆燙；滾一分鐘即可撈起，泡冷水洗淨
4.熱鍋倒入麻油，放入薑片，小火煸到焦黃時，倒入豬腰花與米酒烹煮
5. 煮滾後，加入鹽巴調味即可",https://drive.google.com/open?id=10YTdngDXsdgwbEQ7uUUrYceHNL-ZsblC
2024/12/27 10:01,台式泡菜,"高麗菜1顆(約2斤)
紅蘿蔔半條
鹽半碗
蒜頭5顆
辣椒2條(可調整)
細砂糖半碗
白醋200cc
花椒少許","1.高麗菜清洗乾淨剝小塊，加入鹽醃製30分鐘後，用冷開水過水去除鹽分，擠乾水分備用
2.花椒用乾鍋小火炒出香味(約1分鐘)，蒜、辣椒切末，紅蘿蔔切絲
3.將所有材料到人高麗菜中拌勻
4.裝入保鮮盒放置隔天即可",https://drive.google.com/open?id=14CCxtoC9tn0phveIAJMVfO8FCt4qXJ1x
2024/12/27 10:05,梅干扣肉,"豬五花肉900g
梅干菜2顆
大蒜5瓣
醬油4大匙
米酒2.5大匙
糖2小匙
水150ml","1.首先將梅干菜泡水備用
2.起油鍋，將豬五花肉下鍋煎至表皮金黃
3.接著加入4辦的大蒜和糖，並炒到糖完全融化
4.再來加入醬油、米酒和水一起滷到豬肉上色後備用(約20分鐘)
5.將步驟1的梅干菜瀝乾並切成小段狀，然後起油鍋，將蒜末爆香後把切好的梅干菜下鍋炒乾、炒香
6.最後拿一個大碗，將步驟4的豬肉舖底，上面放上炒過的梅干菜並放入蒸鍋中蒸30~45分鐘",https://drive.google.com/open?id=12AJA2B7u1kSknWYwgJ5qX03rESQaQ40e
2024/12/27 10:10,藥燉排骨,"排骨800克
水2000克
枸杞10g
米酒 400CC
藥材包100g(當歸、川芎、枸杞、熟地、甘草、桂枝、人蔘鬚、紅棗、黑棗、黃耆、黨參、杜仲、白芍)","1.排骨汆燙至沒有血水撈起洗淨，瀝乾備用。
2.藥材沖洗一下，裝入藥包中備用。
3.取一鑄鐵鍋，放入排骨、藥材包、水、米酒，開中火煮至滾沸後，滾沸10分鐘後轉小火加鍋蓋慢慢燉煮50分鐘。開蓋加入枸杞即可",https://drive.google.com/open?id=1zeG1NIkCiqjCWRTCh-7Hh6F-OzJUkzuE
2024/12/27 10:21,蓮藕燒雞,"雞腿(切塊)1份
蓮藕1節
洋蔥1/4顆
蒜頭3顆
醬油3大匙
糖1小匙
米酒1大匙
水約600毫升","1.將蓮藕切0.5公分厚片、洋蔥切塊
2.在鍋內加入適量的油，加入蒜頭及洋蔥炒香，再加入雞腿及蓮藕炒到雞肉表面稍微泛白。
3.加入醬油、糖及米酒，翻炒一下讓醬油於食材表面上色
4.將水加入至與食材齊高，蓋上鍋蓋以鎖住香氣，待沸騰後續燉煮20-30分鐘熄火，再悶30分鐘",https://drive.google.com/open?id=1Z2IHeTYrUV_f2Qkgktgj2NgAmsmQw0Kv
2024/12/27 10:25,炒螺肉,"螺肉一斤
九層塔一包
辣椒適量
老薑約5-6片
麻油一大匙
香油一大匙
沙茶醬一大湯匙
醬油適量
糖一小匙","1.先將螺肉清洗乾淨後放入鍋中煸乾
2.螺肉編乾後先取出備用，接著在鍋內倒入各一大匙的麻油及香油，將薑片放入鍋中小火編香
3.薑片煸到邊緣翹起時，加入螺肉及一大湯匙的沙茶醬、適量的醬油及一小匙的糖拌炒
4.螺肉及醬料拌炒約2分鐘後加入辣椒及九層塔拌勻即可",https://drive.google.com/open?id=1VJdkkZDtzZu3hyIBX3P3pTKeCTgqxCcX
2024/12/27 10:34,胡椒蝦,"蒜半碗
胡椒粉1罆
蝦子1斤
米酒少許","1.活蝦的話就鍋子放入米酒➕水➕鹽巴、蝦子蓋過米酒水、這樣蝦子醉了就好處理蝦子鬚鬚

1.蝦子用食物剪把蝦子頭部前端剪掉
2.蒜頭撥好切丁
3.開火鍋子加少許的油放入蒜頭爆香、爆香後加入蝦子爆炒一下，加入少許米酒拌炒再蓋上鍋蓋悶一下讓米酒揮發收乾在加入胡椒粉拌炒就完成",https://drive.google.com/open?id=1o2ZcnlWyEjHgZPFU2qEzyopT7V0HdvQu
2024/12/27 10:40,滑蛋牛肉,"牛肉片100公克
雞蛋4顆
蔥花15公克
鹽1/4茶匙
米酒1茶匙
高湯80CC
太白粉1茶匙","1.牛肉片加入1茶匙太白粉抓勻，入鍋汆燙，水滾後5秒即撈出瀝乾。
2.雞蛋加入鹽、米酒、高湯、太白粉拌勻，加入牛肉片及蔥花拌勻。
3.熱鍋下2大匙油，將作法2再拌勻一次後倒入鍋中，以中火翻炒至蛋凝固即可。",https://drive.google.com/open?id=1x9_st5MRXY2Mn9nfA6zjhA1YG9XYOiEd
2024/12/27 10:48,紅燒牛肉麵,"牛肋條900g
洋蔥1/2顆
牛番茄2顆
紅蘿蔔1~2根
青蔥2支
蒜頭5瓣
薑片6片
豆瓣醬1大匙
醬油3大匙
紹興酒2大匙
白胡椒適量
冰糖1匙
八角1~2顆
香葉2片","1.把牛肋條切大塊，蔥切段，薑切片，洋蔥對半後切大塊，番茄一切六，紅白蘿蔔去皮後切成大塊
2.熱鍋後不需加油，直接把牛肋條下鍋，煎炒到每一面都焦香，先夾起鍋
3.用鍋內餘油把洋蔥下鍋炒到微透明，蔥白、薑片、蒜頭下鍋一起爆香
4.加入一大匙豆瓣醬，把豆瓣醬炒出香氣
5.把煎好的牛肋條全部下鍋，加入醬油，大火炒出醬香，再淋上紹興酒
6.把牛肉移到適合燉煮的深鍋中，加入蔥綠、番茄，倒入水至淹過牛肉。把八角、香葉、胡椒粉、冰糖都放下鍋，煮到大滾後轉小火，加蓋燉煮30分鐘
7.在牛肉燉了半小時後，再把紅蘿蔔和白蘿蔔放入鍋裡，再燉半小時即可",https://drive.google.com/open?id=1WJ5gwvUxzVK1BdMnZ1lF5VXnhH4dkX5B
2024/12/27 10:55,卜肉,"里肌肉1斤
黑胡椒1/4小匙
五香粉1/4小匙
醬油2大匙
酒1大匙
糖1大匙
水適量
全蛋液 半顆
太白粉1大匙
蒜末1匙
麵粉1杯（240cc)
沙拉油1大匙
泡打粉1/4小匙
鹽適量","1.里肌肉切成小條狀加入黑胡椒1/4小匙五香粉、醬油、酒、糖、水、全蛋液、太白粉、蒜末拌勻醃1小時
2.把麵粉、沙拉油、泡打粉、鹽、水調製成粉漿，放入醃好的肉條，均勻的裹上厚厚的粉漿，下鍋油炸，至金黃色即可",https://drive.google.com/open?id=1tc2U2VflBDZ0yJ6psusBfsfdj1e64Lvx
2024/12/27 11:02,蔥燒鯽魚,"鯽魚6條
蔥210g
老薑6片
食用油適量
醬油200C.C.
烏醋160C.C.
冰糖80g
水900C.C.","1.蔥切長段，老薑切片
2.鯽魚洗淨擦乾，起一個油鍋開始煎炸
3.魚煎炸好後，改小火，把蔥全部放入，炸30秒左右
4.把炸好的蔥平舖於鍋底，再把魚放入
5.加入醬油、烏醋、冰糖、水即薑片，小火煮1小時即可",https://drive.google.com/open?id=1DvgVOe8ZQYFbcib1AcEZbjHyVfokLuJi
